{"cameraMode":{"drawMode":0,"name":"Shaded","section":"Shading Mode"},"sceneLighting":false,"audioPlay":false,"sceneViewState":{"m_AlwaysRefresh":false,"showFog":false,"showSkybox":false,"showFlares":false,"showImageEffects":false,"showParticleSystems":false,"showVisualEffectGraphs":true,"m_FxEnabled":true},"in2DMode":false,"pivot":{"x":-1.7881393432617188e-7,"y":1.1841024160385132,"z":0.14547887444496156},"rotation":{"x":-0.1389743834733963,"y":0.36820629239082339,"z":-0.05576523020863533,"w":-0.9176105260848999},"size":1.3001468181610108,"orthographic":false}