{"cameraMode":{"drawMode":0,"name":"Shaded","section":"Shading Mode"},"sceneLighting":false,"audioPlay":false,"sceneViewState":{"m_AlwaysRefresh":false,"showFog":false,"showSkybox":false,"showFlares":false,"showImageEffects":false,"showParticleSystems":false,"showVisualEffectGraphs":true,"m_FxEnabled":true},"in2DMode":false,"pivot":{"x":0.02934125065803528,"y":1.3431450128555298,"z":0.2002926766872406},"rotation":{"x":-0.012873967178165913,"y":0.7110100388526917,"z":-0.013018760830163956,"w":-0.7029512524604797},"size":1.7422423362731934,"orthographic":false}