{"cameraMode":{"drawMode":0,"name":"Shaded","section":"Shading Mode"},"sceneLighting":true,"audioPlay":false,"sceneViewState":{"m_AlwaysRefresh":false,"showFog":true,"showSkybox":true,"showFlares":true,"showImageEffects":true,"showParticleSystems":true,"showVisualEffectGraphs":true,"m_FxEnabled":true},"in2DMode":false,"pivot":{"x":-9.306639671325684,"y":-0.8025553226470947,"z":0.3752608299255371},"rotation":{"x":-0.5881482362747192,"y":0.00897467415779829,"z":-0.006526638753712177,"w":-0.8086800575256348},"size":8.565638542175293,"orthographic":false}