{"cameraMode":{"drawMode":0,"name":"Shaded","section":"Shading Mode"},"sceneLighting":false,"audioPlay":false,"sceneViewState":{"m_AlwaysRefresh":false,"showFog":true,"showSkybox":false,"showFlares":true,"showImageEffects":true,"showParticleSystems":true,"showVisualEffectGraphs":true,"m_FxEnabled":true},"in2DMode":false,"pivot":{"x":0.39968791604042055,"y":1.3137011528015137,"z":-4.008870601654053},"rotation":{"x":-0.263198584318161,"y":0.19005140662193299,"z":-0.052968502044677737,"w":-0.9443538188934326},"size":2.0931968688964845,"orthographic":false}