{"cameraMode":{"drawMode":0,"name":"Shaded","section":"Shading Mode"},"sceneLighting":false,"audioPlay":false,"sceneViewState":{"m_AlwaysRefresh":false,"showFog":false,"showSkybox":false,"showFlares":false,"showImageEffects":false,"showParticleSystems":false,"showVisualEffectGraphs":true,"m_FxEnabled":true},"in2DMode":false,"pivot":{"x":1.7881393432617188e-7,"y":1.5440773963928223,"z":0.15374040603637696},"rotation":{"x":-0.033085789531469348,"y":0.11428416520357132,"z":-0.003807088127359748,"w":-0.9928948283195496},"size":1.9021238088607789,"orthographic":false}